"","scenario","tb_present","tb_seek_care","tb_confirmatory_offered","conf_sample_provided","patient_conf_result_received","case_detection"
"1","baseline",1058,1006,824,797,604,0.570888468809074
"2","scenario1",1067,1014,831,804,676,0.633552014995314
"3","scenario2",1063,1009,829,802,684,0.64346190028222
"4","scenario3",1059,1006,825,817,760,0.717658168083097
"5","scenario4",1062,1010,960,932,783,0.73728813559322
"6","scenario5",1065,1013,962,934,797,0.748356807511737
"7","scenario6",1066,1012,962,957,890,0.834896810506567
